Dutch,English
ik,I
je,you
het,the  
de,the
dat,Which
is,is
een,a
niet,not 
en,and
wat,what
van,from
we,we
in,in
ze,they
hij,he
op,on
te,at
zijn,to be
er,there
maar,but
die,That
heb,have
me,me
met,of
voor,in front of
als,as
ben,am
was,used to be
dit,this
mijn,mine
om,to
aan,at
jij,you
naar,nasty
dan,then
hier,here
weet,know
kan,can
geen,no
nog,yet
moet,must
wil,want
wel,well
ja,Yes
zo,like this
heeft,has
hebben,to have
hem,it
goed,good  
nee,no
waar,Where
nu,now
hoe,how
ga,go
haar,hair
uit,from
doen,to do
ook,also
over,about
bent,are
mij,me
gaan,to go
of,or
kom,bowl
zou,would
al,already
bij,Bee
daar,over there
ons,U.S
jullie,you
hebt,have
gaat,go
iets,something
zal,shall
meer,Lake
waarom,Why
had,had
deze,this one
laat,leave
moeten,should
m'n,my
jou,you
doe,off
wie,Who
kunnen,be able to
alles,everything
denk,think
door,by means of
echt,Real
alleen,alone
oké,Okay
eens,once
dus,So
weg,away
zien,to see
toch,However
man,man
nooit,never
terug,back
laten,to leave
nou,Well
mee,along
misschien,perhaps
even,for a bit
iemand,someone
komt,coming
niets,nothing
zei,said
hou,keep
komen,come
mensen,people
onze,our
nodig,required
tot,until
worden,become
veel,a lot
weten,know
leven,to live
wij,we 
weer,again
gewoon,just
kijk,look
zeggen,say
tijd,time
zeg,say
twee,two
toen,when
tegen,against
zit,sit
net,just
dood,dead
uw,your
wordt,is becoming
hé,Hey
maken,to make
mag,allowed
één,a
z'n,his
omdat,because
gedaan,done
heel,all
af,off
altijd,always
jouw,your
zeker,secure
geef,give
zie,see 
wacht,guard
allemaal,all
jaar,year
doet,is doing
dag,day
zij,she
hun,their
huis,House
vader,father
dank,thanks
dacht,thought
kunt,can
zoals,like
vrouw,female
keer,time
anders,otherwise
andere,Others
willen,want
erg,terribly
spijt,regret
bedankt,thanks
niemand,no one
wilt,want
geld,money
zitten,to sit
niks,nothing
iedereen,everybody
binnen,inside
staat,state
wilde,Savage
zich,himself
beter,better
werk,work
praten,to talk
gezien,seen
zullen,shall
waren,goods
god,God
maak,make
neem,take
vinden,find
vind,find
moeder,mother
kon,could
uur,hour
klaar,finished
genoeg,enough
helpen,help out
oh,Oh
hele,whole
drie,three
vast,fixed
na,after
hallo,Hello
leuk,nice
sorry,Sorry
alle,all
elkaar,each other
toe,at
wist,knew
zegt,say
bedoel,mean
blijf,stay
alsjeblieft,please
lang,long
meneer,sir
ziet,sees
maakt,make
luister,listen
dingen,stuff
mooi,pretty
werd,became
eerste,first
graag,with pleasure
natuurlijk,naturally
houden,to keep
zonder,without
steeds,still
krijgen,to get
grote,great
achter,behind
helemaal,all the way
naam,name
gek,crazy
blijven,stay
onder,below
vriend,friend
geweest,been
kijken,to look
geven,to give
ging,went
vertellen,narrate
ooit,ever
snel,fast
hand,hand
idee,idea
goede,good  
auto,car
kwam,came
verdomme,damn
beetje,bit
moest,had to
kinderen,children
wanneer,when
gebeurd,happened
jongen,boy
bang,anxious
vraag,ask
lijkt,seems
geweldig,awesome
paar,couple
hoor,hear
laatste,last
deed,held
nieuwe,new ones
vragen,to ask
kun,abundance
zag,saw
zorgen,to care
staan,stand
wereld,world
eten,to eat
jongens,boys
enige,any
zelf,yourself
want,because
nemen,to take
heen,to
zo'n,Sun
beste,Best
ken,know
vandaag,Today
zelfs,even
ie,ie
gezegd,said
hadden,had
vertel,tell
eerst,first
gevonden,found it
zoon,son
buiten,Outside
samen,together
denken,think
geloof,believe
morgen,tomorrow
geleden,past
meisje,girl
thuis,At home
denkt,thinks
rustig,Calm
mannen,men
halen,to fetch 
probleem,issue
hen,them
stop,Stop
eigen,own
kleine,little
hoop,heap
wou,wish
vermoord,murdered
elke,each
krijg,get
horen,to belong
gelijk,equal
bijna,almost
zouden,would
open,Open
orde,order
begrijp,understand
hoofd,head
gebeurt,happens
kant,side
vrienden,friends
houdt,holds
eigenlijk,actually
alsof,as if
pak,business suit
geeft,gives
politie,Police
precies,precisely
wachten,to wait
familie,family
verder,further
zat,was sitting
soms,sometimes
werken,to work
bel,call
voel,feel
kind,child
probeer,try
ding,thing
minuten,minute
krijgt,gets
zet,sets
vijf,five
gehad,having
haal,get
gemaakt,created
hè,Hey
manier,way
dagen,to dawn
zoek,Search
heet,is called
volgende,next one
daarom,therefore
gehoord,heard
pas,pass
werkt,works
vanavond,this evening
volgens,according to
best,best
pijn,pain
kans,opportunity
eruit,out
help,Help
plaats,Place
hoeveel,How much
vroeg,early
oude,old
stad,city
zoeken,Search
ogen,eyes
jezelf,yourself
geloven,to believe
moment,moment
kamer,room
schiet,shooting
vier,four
vindt,finds
word,become
agent,agent
slecht,bad
verteld,told
brengen,bring
blij,pleased
hulp,staff
welke,which
blijft,stays
ligt,is
broer,brother
school,school
tussen,among
deur,door
spreken,to speak
plan,plan
dollar,dollar
handen,hands
ergens,somewhere
dr.,Dr.
klopt,beats
breng,bring
dokter,doctor
juist,right
vond,found
praat,talking
prima,fine
betekent,means
soort,kind
zaak,matter
proberen,to attempt
jack,jacket
spelen,to play
lekker,yummy
doden,kill
gebruiken,to use
groot,big
kent,knows
boven,upper
water,water
problemen,issues
land,land
sta,stand
later,later
papa,Daddy
pakken,to grab
week,week
schat,treasure
voordat,before
zoveel,this much
vrij,free
echte,real
stoppen,stop
klootzak,asshole
beginnen,to start
alstublieft,Please
zodat,so that
zorg,concern
mooie,nice
wees,orphan
vermoorden,murder
mis,mass
vooruit,ahead
bellen,to call
dochter,daughter
vrouwen,women
tien,ten
hoeft,needs
lopen,walk
hart,heart
snap,snap
voorbij,past
los,loose
vergeten,to forget
gebeuren,to happen
bloed,blood
druk,pressure
verhaal,story
moeilijk,difficult
hoi,Hi
zes,six
eerder,earlier
neer,down
ervan,of it
bed,bed
nacht,night
bezig,in process
wakker,wake -up
redden,to rescue
klein,small
gekomen,arrived
sinds,ever since
kop,head
zult,will
begrepen,understood
plek,place
veilig,safe
stel,couple
vol,full
nummer,number
waarheid,truth
zoiets,something like this
mevrouw,Mrs
leren,to learn
hetzelfde,same
gaf,gave
baby,baby
baas,boss
gelukkig,happy
meteen,immediately
beneden,down
waarschijnlijk,probably
sterven,die
gezicht,sight
begin,get started
mogelijk,possibly
mama,mom
dicht,closed
zaken,Affairs
liggen,lying down
nieuws,news
ander,other
eraan,there
liefde,love
slapen,to sleep
ver,far
reden,rode
fout,error
vallen,fall
maanden,months
mogen,be allowed to
oud,old
vergeet,forgets
voelt,feel
vent,guy
sir,sir
hoorde,heard
hoort,belongs
klinkt,sounds
terwijl,while
vriendin,female friend
welkom,welcome
team,team
rond,round
president,president
oorlog,war
duidelijk,clear
jaren,years
rest,rest
schuld,debt
avond,evening
eerlijk,honestly
fijn,nice
mond,mouth
buurt,neighbourhood
drinken,drinks
telefoon,phone
per,per
wapen,weapon
liet,let
belangrijk,important
kreeg,got
ouders,parents
stuk,piece
rust,peace
vandaan,from
kennen,know
Jezus,Jesus
deel,part 
baan,track
kapitein,captain
erop,on top
geluk,luck
dezelfde,the same
overal,everywhere
schip,ship
heren,Men
gegeven,given
anderen,others
zeer,very
langs,by
mam,mam
recht,straight
lichaam,body
aardig,friendly
vertrouwen,to trust
ermee,with it
neemt,takes
vanaf,from
vaak,often
boek,book
mezelf,myself
zetten,to make
stil,quiet
ok,OK
kerel,dude
betalen,Pay
geval,case
miljoen,million
tweede,second
haat,hate
hard,hard
inderdaad,indeed
woord,word
stond,was standing
hond,dog
straks,soon
weken,to soften
film,movie
antwoord,answer
veranderen,change
licht,light
houd,loves
pa,pa
tijdens,during the day
lieverd,darling
liever,rather
kwaad,pissed off
ontmoet,meet
nergens,nowhere
gebruikt,used
schatje,darling
verloren,lost
koning,king
nieuw,new
elk,each
erin,there
ontmoeten,Meet
vechten,to fight
voorzichtig,carefully
geworden,have become
enkel,only
kwijt,lost
noemen,to call
valt,fall
prachtig,beautiful
rijden,to drive
zin,sentence
hield,kept
daarna,then
mens,man
schieten,shoot
grappig,funny
stap,step
zichzelf,itself
kantoor,office
wapens,weapons
normaal,normal
slechte,poor
maakte,feature
moord,murder
gebeld,called
ervoor,before
ten,at
heer,gentleman
loopt,runs
einde,end
gegaan,gone
gang,course
vertelde,told
spel,game
informatie,information
frank,Frank
dames,ladies
naartoe,to
allebei,both
leg,put
acht,eight
pap,dad
seks,sex
minder,fewer
gevoel,feeling
trouwen,Marry
nogal,quite
eh,eh
voelen,to feel
begint,begins
plezier,pleasure
meisjes,girls
stuur,send
foto,photo
vreemd,foreign
zomaar,just like that
verkeerd,wrong
zeven,seven
lucht,sky
grond,ground
leeft,lives
nam,grabbed
pardon,excuse me
verwacht,expected
kopen,to buy
koffie,coffee
onderzoek,research
gesproken,spoken
herinner,remember
idioot,idiot
ziekenhuis,Hopital
daarmee,with that
shit,shit
eindelijk,Finally
perfect,perfect
goeie,good
gisteren,yesterday
aarde,soil
contact,Contact
zus,sister
erbij,there
beschermen,to protect
gevangenis,jail
persoon,person
winnen,to win
kracht,power
ziek,ill
omhoog,upwards
beloof,promise
gebruik,usage
hoezo,how so
degene,the one
trek,migration
meen,mean
enkele,couple of
getrouwd,married
gevraagd,sought -after
New York,New York
verdomde,damn
hierheen,here
punt,point
toekomst,future
probeerde,attempted
half,half
leger,army
waard,worth
opnieuw,again
val,fall
vuur,firework
bewijs,evidence
controle,check
stellen,set
tv,TV
loop,run
woorden,words
droom,dream
begrijpen,to understand
eet,eat
bedoelt,intended
onzin,nonsense
serieus,serious
konden,abundance
nietwaar,not true
verlaten,leave
pistool,pistol
gekregen,got
men,men
brengt,brings
fantastisch,fantastic
trots,pride
ziens,see
ongeluk,accident
geheim,secret
vroeger,back in the days
veranderd,changed
eentje,one
werden,be
begon,began
verliezen,losses
probeert,tries
vliegtuig,aeroplane
let,note
slim,smart
juiste,right one
langer,longer
slaap,sleep
lezen,read
ongeveer,about
behalve,except for
meid,girl
oom,uncle
gered,saved
bank,Bank
generaal,general
dienst,employ
tenminste,at least
lief,sweet
noem,call
gedood,killed
vraagt,requires
boos,angry
spullen,stuff
volgen,follow
sturen,send
hemel,heaven
makkelijk,comfortable
ter,ter
genomen,taken
grootste,great
gebeurde,happened
kwamen,arrive
excuseer,excuse
meter,meter
weinig,few
iedere,each
moordenaar,killer
luisteren,listen
begrijpt,understand
gevaar,danger
ieder,everyone
sommige,some
via,through
succes,good luck
vertrekken,leave
muziek,music
gestolen,stolen
meest,most
hoef,hoof
advocaat,lawyer
kijkt,looks
helpt,helps
afspraak,appointment
maand,month
zwarte,black
seconden,second
sterk,strong
foto's,photos
lijken,appear
geest,spirit
gingen,went
straat,street
slechts,only
verkeerde,wrong
slaan,to beat
FBI,FBI
afgelopen,past
hotel,hotel
bekend,familiar
ene,one
ruimte,room
lange,long
trouwens,Incidentally
feest,party
vliegen,fly
boot,boat
meester,master
doel,goal
zolang,so long
regels,lines
stomme,stupid
begonnen,started
zak,bag
absoluut,absolute
spreek,speak
stom,stupid
bestaat,consists
welk,which
gevaarlijk,dangerous
jawel,Yes
mocht,for
goedemorgen,good morning
wilden,wild ones
erger,worse
vreselijk,horrible
zodra,as soon
geraakt,touched
nadat,once
vertrouw,trust
kolonel,colonel
voelde,felt
kleren,clothes
rug,back
naast,next
totdat,until
verliefd,in love
lukt,succeeds
wonen,live
lieve,dear
gaten,holes
raar,weird
geprobeerd,tried
geleerd,learned
erover,over
raad,council
volg,follow
verkopen,to sell
geweldige,great
zover,as far
red,red
woont,lives
Amerika,America
lul,dick
gedacht,thought
bewijzen,prove
prijs,price
www,www
raken,touch
voorstellen,to introduce
vorige,previous
regel,rule
schrijven,to write
rot,rotten
gebouw,building
trekken,Pull
herinneren,to remind
dansen,to dance
gebracht,brought
meeste,most
koud,cold
jammer,Unfortunately
wegwezen,get out
macht,power
drugs,drug
geboren,born
dragen,to wear
keuze,choice
gefeliciteerd,congratulations
situatie,situation
missen,to miss
honger,hungry
betaald,paid
liefje,sweetheart
duurt,takes
schelen,care
kaart,Map
rij,queue
bal,ball
werkte,work
gedachten,thoughts
derde,third
rennen,run
namen,take
teken,sign
speelt,plays
stem,voice
bedrijf,company
moe,tired
tenzij,unless
dom,stupid
vlucht,flight
raak,striking
relatie,relation
lachen,laugh
leuke,nice
schuldig,guilty
negen,nine
tafel,table
sneller,faster
James,James
jong,young
vanwege,because of
beide,both
viel,fell
oog,eye
leek,seemed
gestuurd,steered
lijn,line
grapje,just kidding
komaan,come on
moesten,had to
daarvoor,therefor
onderweg,underway
lijst,list
vanuit,from
band,band
gelooft,believes
gemist,missed
sleutel,key
lag,lag
kont,ass
reis,trip
arm,arm
show,show
vertelt,tells
groep,group
belde,call
zweer,swear
agenten,agents
eer,honour
onmogelijk,impossible
steek,lurch
hel,hell
zwaar,heavy
tuurlijk,of course
bevel,order
jonge,young
kerk,church
huwelijk,wedding
delen,parts
sla,lettuce
Amerikaanse,American
wedstrijd,contest
maat,mate
allen,all
gebroken,broken
dromen,to dream
direct,straight away
luitenant,lieutenant
planeet,planet
vooral,mainly
missie,mission
midden,middle
gezin,family
gisteravond,yesterday evening
leiden,lead
dame,Lady
bericht,message
angst,fear
stierf,died
wagen,car
blijkbaar,evidently
kapot,Broken
zoekt,searches
ziel,soul
positie,position
waarvoor,for which
respect,respect
wet,law
gesprek,conversation
verleden,past
kost,cost
links,left
witte,white
ring,ring
da's,that's
regelen,arrange for
computer,computer
dronken,drunk
eind,end
deden,did
mijne,mine
gooi,throw
gast,guest
zul,such
muur,wall
dode,dead
gewerkt,worked
kende,knew
ma,ma
brand,fire
sluit,closing
zon,Sun
diep,deep
arme,poor
bureau,desk
partner,partner
zeiden,said
boord,board
deal,deal
leggen,lay
bom,bomb
rijk,Empire
meiden,fellow girls
held,hero
klote,lick
spreekt,speaks
vijand,enemy
schoenen,shoes
gewonnen,won
gebied,area
operatie,operation
volk,people
bewegen,to move
keek,watched
speel,play
zuster,sister
gelezen,read
achteruit,backwards
trein,train
extra,additional
lijk,dead body
bereiken,to achieve
zee,sea
cool,cool
broek,pair of trousers
aanval,attack
neus,nose
oma,Grandma
systeem,system
kalm,calm
code,code
sergeant,sergeant
hoog,high
draai,play
slachtoffer,victim
les,grade
uiteindelijk,in the end
verdwenen,gone
eiland,Island
geschreven,written
gewond,injured
plannen,plan
spul,stuff
uitleggen,to explain
haast,hast
liegen,to lie
la,la
vertaling,translation
beloofd,promised
rode,red
bracht,brought
paard,horse
winkel,store
warm,warmly
ex,ex
moeite,trouble
camera,camera
tijdje,while
interessant,interesting
geheime,secret
hoeven,hooves
feestje,party
persoonlijk,personal
gedownload,downloaded
vrede,peace
lot,lot
keus,choice
bus,bus
club,club
gevecht,battle
weggaan,go away
daarvan,of them
brief,letter
lastig,difficult
raam,window
levend,living
professor,professor
kiezen,select
liep,walked
vonden,found
hangt,hangs
sluiten,Close
verdienen,to deserve
helft,half
teveel,too many
leeg,empty
bleef,Remained
heerlijk,lovely
eraf,off
gelukt,success
helaas,unfortunately
stelen,to steal
benen,legs
gezet,set
bekijken,see
boodschap,errand
eikel,jerk
lift,elevator
been,leg
gekocht,purchased
boeken,books
groter,taller
opschieten,Hurry up
gevallen,cases
donker,dark
rechts,right
aandacht,attention
slaat,hit
ophouden,to hold up
drink,drink
slag,battle
vannacht,tonight
gehaald,achieved
speciaal,special
meegenomen,brought
koningin,queen
godsnaam,God sake
speciale,special one
test,test
geschiedenis,history
volledig,fully
zulke,such
raakt,hits
adres,address
alweer,again
meestal,mostly
park,park
regering,government
ouwe,old
bestaan,to exist
sheriff,sheriff
dak,roof
zwanger,pregnant
gehouden,kept
zelfmoord,suicide
vreemde,stranger
hopelijk,hopefully
adem,breath
vernietigen,destroy
betrokken,involved
betaal,pay
koop,purchase
nek,neck
brug,bridge
bezoek,visit
belt,call
kwalijk,bad
ongelooflijk,incredible
bar,bar
ijs,ice
overleven,survive
beiden,both
meenemen,take
gestorven,died
ontslagen,laid off
aantal,number of
vuile,dirty
geweer,gun
beurt,turn
werkelijk,really
dichtbij,close to
zwart,black
laatst,last
liegt,lies
voeten,feet
lees,read
wisten,knew
zingen,to sing
toestemming,permission
gestopt,stopped
zaten,sat
kort,short
gepakt,packed
knap,good looking
waarop,on which
betere,better
ontdekt,discovers
doorgaan,Get on
vlees,meat
richting,direction
ruzie,row
verdient,earnings
gesloten,Closed
welterusten,good night
belachelijk,ridiculous
rekening,account
verdorie,damn
ach,oh
monster,sample
verrassing,surprise
rechter,judge
ontsnappen,escape
gasten,guests
radio,radio
energie,energy
kennis,knowledge
verlies,loss
verschillende,various
tas,bag
veiligheid,safety
draagt,wear
enig,any
voet,foot
weekend,weekend
haalt,fetches
wijn,wine
verschil,difference
verkocht,sold
stoel,chair
commandant,commander
gat,hole
mes,knife
beslissing,decision
boom,tree
glas,glass
basis,base
schrijf,writing
reet,ass
knul,kid
captain,captain
der,of
verjaardag,birthday
geregeld,regularly
procent,per cent
neergeschoten,shot
spoor,track
kilometer,kilometer
bezorgd,Worried
opdracht,order
gevangen,caught
hoek,corner
vanmorgen,this morning
verandert,changes
vis,fish
waarvan,from what
heilige,holy
hoge,high
excuses,apologies
bedoelde,referred to
klas,class
kogel,ball
simpel,easy
hoogte,height
honden,dog
waarmee,by which
goud,gold
wens,wish
prachtige,gorgeous
zakken,to fail
eenmaal,once
kat,cat
plaatsen,place
rood,red
sleutels,Keys
ware,true
onderzoeken,to research
dachten,thought
vrijheid,freedom
sprak,spoke
gooien,throw
last,burden
rivier,river
hiermee,with this
noemt,mentions
blauwe,blue
hoelang,how long
tante,aunt
vele,many
soldaat,soldier
huilen,to cry
feit,fact
programma,program
getuige,witness
Tommy,Tommy
begraven,to bury
gezeten,sitting
grap,joke
Christus,Christ
vriendje,boyfriend
onmiddellijk,immediately
bereid,prepared
bedanken,to thank
twintig,twenty
beeld,image
verklaring,declaration
woon,living
twaalf,twelve
stelt,stilt
beweging,movement
duren,to last
patiënt,patient
thee,tea
indruk,impression
totaal,total
Parijs,Paris
ballen,ball
dorp,village
stukje,piece
leider,leader
zwaard,sword
kus,kiss
taxi,cab
gevoelens,feelings
verdachte,suspect
Engels,English
zware,heavy
vlak,right
soldaten,soldiers
zagen,saws
lol,LOL
langzaam,slowly
hangen,to hang
keuken,kitchen
wind,wind
cel,cell
breken,break
vergeef,forgery
geluid,sound
slaapt,sleeps
moorden,kill
aangenaam,nice to meet you
geholpen,helped
beest,beast
bier,beer
actie,action
dieren,animal
krant,newspaper
draag,carry
leidt,leading
ontvangen,receive
minuut,minute
levens,lifetime
appartement,apartment
draaien,to spin
vakantie,vacation
leer,doctrine
sterft,dies
mist,fog
vecht,Vecht
passen,to suit
jurk,dress
privé,privately
hoer,whore
chef,chef
wraak,revenge
sexy,sexy
gauw,quickly
slot,key lock
afstand,distance
Washington,Washington
gratis,free
wint,win
reed,drove
strijd,conflict
ervaring,experience
honderd,hundred
bouwen,to build
leiding,pipe
schoon,clean
geslagen,beaten
draait,turns
belangrijke,important
risico,risk
trap,staircase
prinses,princess
verantwoordelijk,responsible
neuken,fuck
goedenavond,good evening
slachtoffers,victims
bezit,possess
noemde,mentioned
armen,poor
roep,call
schoot,shot
vertrek,departure
restaurant,restaurant
geniet,enjoy
gepraat,talking
dikke,thick
rol,role
kerels,guy
tijden,times
misdaad,crime
homo,homo
leef,living
springen,to jump
directeur,director
erachter,behind
start,Start
wezen,being
rijdt,drives
duizend,thousand
wow,wow
prins,Prince
antwoorden,answers
raakte,gag
tekenen,draw
vieren,to celebrate
perfecte,perfect
zorgt,worries
behoorlijk,fairly
majesteit,majesty
luistert,listen
waarover,about what
nadenken,think it over
volgt,follow
neef,cousin
gestoord,disturbed
vertaald,translated
mijnheer,Sir
gewone,ordinary
taak,task
Londen,London
aanvallen,to attack
opa,grandpa
rook,smoke
geweten,known
trouw,fidelity
signaal,signal
kussen,To kiss
ouder,older
dankzij,thanks to
lach,smile
sporen,tracks
jas,jacket
godverdomme,Goddamnit
ster,star
sloeg,Slag
verschrikkelijk,terrible
vlug,rapid
tegenhouden,to prevent
wonder,wonder
toegang,access
afdeling,department
pad,path
besloten,decided
vorm,form
uren,hours
stopt,stops
medicijnen,medicines
bek,beak
majoor,major
gekozen,chosen
beveiliging,security
ah,Ah
fijne,nice
controleren,to check
onschuldig,innocent
dossier,file
boel,lot
durf,dare
maan,Moon
post,post
auto's,cars
betreft,Re
leeftijd,age
toevallig,by chance
bos,bunch
waarin,in which
ineens,suddenly
overleden,passed away
Clark,Clark
kosten,cost
gemeen,mean
landen,to land
enorm,enormous
sommigen,some
opeens,suddenly
senator,senator
gedoe,soil
enorme,huge
bloemen,flowers
steen,stone
opzij,sidewalk
openen,to open
tanden,teeth
hersenen,brain
getuigen,to give evidence
halve,half
verdwijnen,to disappear
gelogen,lied
past,suits
bespreken,discuss
motor,engine
ontsnapt,Escaped
momentje,just hold on
ontbijt,breakfast
toilet,toilet
uitzoeken,investigate
s nachts,at night
volwassen,grown up
eeuwig,eternal
afmaken,get done
dol,foolish
terecht,justly
oren,ear
machine,machine
verpest,messed up
verlaat,leaves
klootzakken,bastards
top,top
gemakkelijk,easy
gearresteerd,arrested
doos,box
geschoten,shot
gegeten,ate
betaalt,pays
rare,strange
big,pig
ochtend,morning
ruikt,smells
huid,skin
trut,bitch
verhalen,stories
verraden,betray
tonen,to show
hopen,to hope
virus,virus
bedoeling,intention
officier,officer
schreef,wrote
krachten,forces
papieren,paper
bijzonder,special
betekenen,mean
opnemen,record
strand,beach
rapport,report
binnenkort,shortly
twijfel,doubt
inspecteur,inspector
gekke,crazy
veld,field
rechercheur,detective
lunch,lunch
ondertitel,subtitle
opstaan,to get up
lui,lazy
gezocht,sought
ophalen,to pick up
verslaan,defeat
ergste,worst
drankje,drink
publiek,audience
nerveus,nervous
gedrag,behaviour
troep,rubbish
lab,label
roken,to smoke
keren,turn
zocht,sought
bad,bath
dik,fat
vaders,fathers
alarm,alarm
akkoord,agreement
doelwit,target
vaker,more often
schade,injury
bruiloft,wedding
gegevens,data
genoemd,named
terugkomen,coming back
vernietigd,destroyed
steken,stiches
geweld,violence
vergeven,to forgive
Amerikanen,Americans
mening,opinion
kies,molar
type,type
bedacht,invented
belangrijkste,main
las,weld
grens,border
paniek,panic
universiteit,university
verboden,forbidden
west,west
rotzooi,mess
moed,courage
dichterbij,closer
blanke,White person
verbergen,hide
gaaf,great
voorkomen,to prevent
duivel,devil
persoonlijke,personal
bepaalde,particular
Rome,Rome
rusten,rest
juffrouw,lady
fles,bottle
kaarten,Cards
dna,DNA
stappen,steps
vrije,free
schijnt,appears
favoriete,favourite
spelletje,game
broeder,brother
coach,coach
overkomen,come across
poort,gate
zomer,summer
afgesproken,agreed to meet
bron,source
advies,advice
Pete,Pete
Jason,Jason
sukkel,softy
geslapen,slept
jaloers,jealous
kogels,bullets
kamp,camp
zwak,weak
gevolgd,followed
vertrokken,left
stuurde,steered
menselijke,human
klanten,customers
lukken,work
Engeland,England
vingers,fingers
ziekte,disease
vissen,fishing
CIA,C.I.A
Mexico,Mexico
locatie,Location
vangen,to catch
waardoor,Causing
nagedacht,thought
gaven,give
medische,medical
geloofde,believed
mooiste,most beautiful
broers,brothers
tevreden,satisfied
city,City
details,details
gereed,ready
aangedaan,affected
zojuist,just now
menselijk,human
blik,look
verband,bandage
schot,shot
punten,points
domme,stupid
vogel,bird
project,project
trekt,pulls
stemmen,to vote
genoegen,pleasure
burgemeester,mayor
genezen,to cure
gedachte,thought
films,films
hoopte,hoped
doc,doctrine
gebruikte,used
gelaten,resistant
voeren,feed
bedenken,think about
bekijk,look at
verborgen,hidden
oplossing,solution
donder,Thunder
verdomd,damn
laag,low
km,km
bak,bin
speelde,played
verwachten,to expect
uitstekend,excellent
voedsel,food
arts,doctor
fouten,faults
super,super
testen,to test
kleur,colour
aangevallen,attacked
station,station
kip,chicken
Simon,Simon
piloot,pilot
truck,truck
duizenden,thousands
kluis,safe
maatje,Buddy
des,des
echtgenoot,husband
Don,Don
vermoordt,killed
gouden,golden
elf,eleven
gebleven,remained
taal,language
sterker,stronger
noorden,north
zwemmen,swimming
hoewel,although
leugenaar,liar
St.,St.
vermist,missing
toon,tone
vijanden,enemies
meegemaakt,experienced
compleet,completely
shirt,shirt
deuren,doors
vertrekt,leaves
lijden,suffering
geïnteresseerd,interested
veroorzaakt,caused
telefoontje,phone
proces,process
tent,tent
harder,harder
drank,drink
begrafenis,funeral
achtergelaten,abandoned
gedragen,behave
war,war
verstand,mind
stuurt,steering
snapt,gets
oplossen,to resolve
vaarwel,farewell
ongelofelijk,incredible
video,video
Adam,Adam
kregen,got
bevalt,pleases
hiervan,thus
vriendelijk,friendly
bereikt,reaches
Vegas,Vegas
Victor,Victor
jagen,to hunt
wit,white
heus,real
neen,no
bieden,offer
vrijdag,Friday
theorie,theory
genaamd,called
melk,milk
uwe,yours
dankbaar,satisfying
vluchten,to flee
paarden,horses
sterf,die
blind,blind
vorig,last
koffer,Suitcase
vasthouden,to hold
carrière,career
vliegveld,airport
waardeer,appreciate
verloor,lost
goden,gods
manieren,manners
normale,normal
geheimen,secrets
reizen,to travel
hoger,higher
schoonheid,beauty
straf,punishment
iedereen,everybody
minister,minister
eng,scary
yeah,yeah
verkoop,sale
berg,mountain
hoed,hat
Alice,Alice
klant,customer
vergadering,meeting
sterren,stars
papier,paper
gezelschap,company
jouwe,yours
koers,course
doorheen,through
kilo,kilo
stukken,pieces
volle,full
storm,storm
harde,tough
data,dates
black,black
beslist,specifically
vloer,floor
geheugen,memory
reken,calculation
liedje,song
blijkt,turns out
contract,contract
eigenaar,owner
verdiend,earned
ernstig,seriously
bende,gang
pers,press
gozer,guy
lid,member
hiervoor,for this
uitgenodigd,invited
blauw,blue
taart,cake
steun,support
moeders,mothers
stilte,Silence
toeval,chance
cent,penny
gevangene,prisoner
verliest,loses
eenheid,unit
roepen,call
wiens,whose
dader,perpetrator
aannemen,contract
talent,talent
herinnert,remember
hemelsnaam,heaven's sake
vandoor,off
ondertiteling,subtitle
borst,chest
you,You
koken,to cook
westen,West
lenen,to lend
dans,dance
aandoen,to affect
omgeving,surroundings
miljoenen,millions
vergissing,mistake
schepen,ships
gezond,healthy
ren,run
bijvoorbeeld,for example
tegenover,opposite
verstopt,constipated
korte,short
vreselijke,terrible
Chicago,Chicago
klus,job
graden,degree
sterke,strong
groene,green
jazeker,"Yes, of course"
beslissen,to decide
zuiden,south
lord,Lord
gaande,going on
verdieping,floor
magie,magic
erom,about
snelheid,speed
voren,forward
kunst,art
kelder,cellar
redt,saves
arresteren,to arrest
gewacht,waited
kwestie,matter
bidden,pray
beelden,images
niveau,level
hartelijk,heartfelt
geduld,patience
gespeeld,played
schattig,cute
nauwelijks,barely
pond,lb
bepaald,determined
King,King
ruim,roomy
leerde,learned
duur,expensive
nogmaals,once again
tuin,garden
zaterdag,Saturday
ondanks,despite
wijs,show
behandelen,to deal with
yo,yo
ruik,smell
gebouwd,built
liefste,Dear
bergen,mountains
aankomen,arrive
gave,gift
pakt,grabs
ideeën,ideas
ontvoerd,abducted
verzoek,request
kast,closet
Sean,Sean
geesten,ghost
orders,orders
droeg,wore
leugen,lie
hielp,helped
kerstmis,Christmas
gelul,dowel
gedeelte,section
mevr.,Mrs.
ontmoette,met
edelachtbare,prevailable
flat,flat
tong,tongue
logisch,logically
daardoor,thereby
controleer,check
stroom,current
afscheid,goodbye
gevangenen,prison
saai,boring
Marcus,Marcus
militaire,military
opgewonden,thrilled
makkelijker,easier
zuid,south
stenen,stone
lieg,lie
wc,WC
herinneringen,memories
badkamer,bathroom
vuren,fire
fuck,fuck
cadeau,gift
dertig,thirty
verantwoordelijkheid,responsibility
flink,considerable
biertje,beer
officieel,officially
tegenwoordig,nowadays
belang,interest
ronde,round
redenen,reasons
opgeven,giving up
Frankrijk,France
schreeuwen,shout
eenvoudig,simple
gekeken,looked
kerst,Christmas
aanraken,touch
genieten,to enjoy
ontslag,dismissal
verslagen,defeated
opgesloten,locked up
groen,green
heette,was called
graf,grave
bond,union
high,high
stand,stand
aardige,nicely
raden,boards
vinger,finger
bomen,trees
helikopter,helicopter
manager,manager
vrolijk,Merry
Dean,Dean
zicht,view
slaapkamer,bedroom
verbrand,burnt
rekenen,to calculate
kust,coast
race,race
leraar,teacher
zonde,shame
stof,dust
pot,pot
eieren,Eggs
verdedigen,to defend
kanker,cancer
wellicht,perhaps
gedronken,drunk
daarheen,there
herken,to recognise
gas,gas
knieën,knees
ontdekken,to discover
bedoeld,meant
verbonden,connected
smaak,taste
job,Job
reactie,response
bescherming,protection
bevelen,command
vervangen,to replace
huh,huh
tellen,to count
mogelijkheid,possibility
moeilijke,difficult
Nathan,Nathan
achterlaten,leave behind
voorstel,proposal
afspraakje,date
Angeles,Angeles
vlieg,fly
dekking,coverage
wed,waving
ho,hor
pillen,pills
Europa,Europe
wetenschap,science
naakt,naked
pauze,pause
vrees,fear
schrijft,writes
waarde,where the
priester,priest
natuur,nature
pik,cock
binnenkomen,enter
detective,detective
gerust,restless
maandag,Monday
volledige,sufficient
beer,bear
meerdere,multiple
heks,witch
assistent,assistant
eeuw,century
toegeven,to admit
spring,jump
verhuizen,to move house
vermoordde,killed
verstoppen,to hide
brood,bread
bemanning,crew
troepen,troop
zwijg,be silent
zondag,Sunday
dienen,serve
Rose,Rose
Roger,Roger
opgenomen,Hospitalized
oosten,East
gescheiden,divorced
plus,plus
ademen,to breathe
aanbod,offer
wensen,to wish
doei,bye
gekend,known
aanbieden,offer
politiek,politics
Russische,Russian
Morgan,Morgan
genade,grace
gewend,accustomed
internet,internet
buren,neighbors
opgelost,dissolved
pizza,Pizza
dek,deck
grijp,grab
eenzaam,lonely
vervelend,annoying
leugens,lies
erheen,there
keizer,emperor
verslag,report
wild,wild
telt,counts
nachtmerrie,nightmare
horloge,watch
staten,states
bewerkt,edited
vals,false
bezoeken,visits
leert,learns
min,minus
seconde,second
aanwezig,present
interesseert,interested
meent,believes
streek,region
beweegt,Moves
feiten,facts
burgers,citizens
waarheen,where to
hierin,in here
interesse,interest
eindigen,end
patiënten,patient
schrikken,to startle
buik,belly
stront,shit
regen,rain
technologie,technology
rechten,right
muren,walls
chauffeur,driver
noord,north
garage,garage
netjes,correctly
terrein,grounds
lekkere,tasty
olie,oil
klap,hole
date,date
graven,to dig
nationale,national
voorbeeld,sample
besluit,decision
hang,halt
herhaal,repeat
champagne,Champagne
oceaan,ocean
geur,odor
zelfde,same
groeten,regards
verandering,change
ruiken,to smell
vierde,fourth
waarschuwen,warn
verdien,earn
bord,plate
ambulance,ambulance
neerschieten,shoot down
spiegel,mirror
hersens,brain
momenteel,currently
dubbele,double
omstandigheden,circumstances
melden,report
sync,sync
tegelijk,at the same time
knappe,cleverly
woede,fury
leefde,lived
nat,wet
jury,jury
groeien,to grow
wezens,beings
russen,Russians
morgenochtend,tomorrow morning
wegens,due to
kampioen,champion
loog,lye
accepteren,accept
studeren,to study
behandeld,treated
tieten,tits
ernaar,to it
stopte,stopped
vormen,to shape
grotere,greater
gedag,goodbye
kist,chest
ruil,exchange
engel,angel
Edward,Edward
gods,God
bril,glasses
keel,throat
lef,gut
ervandoor,run
lichten,lights
medelijden,pity
tel,count
rijke,rich
tunnel,tunnel
haten,hate
afgesloten,locked
opzoeken,to look up
hal,hall
terugkomt,returns
slimme,smart
wedden,bet
lichamen,bodies
handel,trade
huizen,houses
dief,thief
moordenaars,murderers
hoogheid,highness
poging,attempt
Jesse,Jesse
materiaal,material
toestand,status
amper,barely
voorlopig,for the time being
veilige,safe
verloofde,fiancé
daarin,in there
slet,slut
Texas,Texas
oefenen,to practice
Franse,French
woonde,lived
prettige,pleasant
voordeel,benefit
eindigt,ends
vliegt,flies
verdediging,defense
vanochtend,this morning
zielig,pathetic
Wilson,Wilson
woestijn,desert
apparaat,device
rat,rat
kocht,bought
lossen,unload
diner,dinner
cliënt,client
feite,feite
verkoopt,sells
idioten,idiots
komende,up
plegen,commit
kaartje,card
-ste,-ste
dier,animal
waarschuwing,warning
verbinding,link
dichter,poet
wijze,wise
pensioen,pension
Afrika,Africa
winnaar,winner
drinkt,drinks
scheelt,saves
doodde,kill
lieten,let
smerig,filthy
bewakers,guards
klok,clock
oor,ear
verzet,resists
stijl,style
richten,to target
invloed,influence
opgepakt,picked up
mogelijke,possible
spelletjes,games
kerstman,Santa Claus
markt,market
bewaren,keep
brieven,letters
studenten,students
varken,pig
komst,arrival
lelijk,ugly
centrum,Centre
vijftien,fifteen
kaas,cheese
genie,genius
valse,false
donkere,dark
huur,rent
VS,US
verdween,disappeared
overtuigd,convinced
aangezien,as
cijfers,Numbers
overwinning,victory
behandeling,therapy
belofte,promise
bekeken,Viewed
breekt,breaks
jarige,year old
training,training
artikel,article
stelletje,bunch of
kloppen,to beat
maakten,made
verrast,surprised
beroep,profession
honderden,hundreds
zette,set
waardeloos,worthless
rechtbank,court
Robin,Robin
wijzen,point
vingerafdrukken,fingerprints
bleek,pale
maagd,virgin
camera's,cameras
China,China
personeel,staff
minstens,at least
schitterend,splendid
diegene,hey
starten,start
geheel,whole
jeugd,youth
berichten,messages
mensheid,humanity
gepland,planned
ramp,disaster
onderwerp,topic
Californië,California
zwembad,swimming pool
explosie,explosion
ha,ha
duurde,lasted
noch,nor
sliep,slept
redelijk,reasonable
excuus,excuse
moge,may
smeek,grubbing
geintje,joke
pen,pen
terroristen,terrorists
boerderij,farm
belangrijker,more important
burger,civilian
doodt,kills
overtuigen,convince
nep,fake
diamanten,diamonds
aap,monkey
ophangen,hang up
verderop,beyond
jacht,hunt
masker,mask
mars,Mars
onthouden,remember
kleding,clothing
schaduw,shadow
overkomt,happens
bovendien,moreover
Duitse,German
fearless,fearless
walgelijk,disgusting
amen,Amen
richt,steering
dwars,thwarted
vriendschap,friendship
7Up,7UP
slang,snake
gouverneur,governor
touw,rope
onthoud,keep in mind
daarbij,thereby
zand,sand
plicht,duty
trok,pulled
wegkomt,gets away
onschuldige,innocent
collega,co-worker
onszelf,ourselves
voorbereid,prepared
haalde,gathered
Greg,Greeg
verwijderd,deleted
veranderde,changed
gunst,favor
okee,okay
leden,members
wassen,Wash
win,win
gepleegd,committed
snijden,to cut
Frans,French
reputatie,reputation
teleurgesteld,disappointed
letten,look
uniform,uniform
verklaren,explain
monsters,samples
fan,fan
bruid,bride
overheid,government
enterprise,enterprise
gewaarschuwd,warned
daarbuiten,beyond
daarover,about that
leest,is reading
gezondheid,health
geliefde,lover
ontmoeting,meeting
stinkt,smelly
uiteraard,naturally
makker,companion
vanmiddag,this afternoon
aangekomen,arrived
meedoen,participate
minst,least
maag,stomach
route,route
omgaan,To hang out
hoogste,high
verrader,traitor
indrukwekkend,impressive
mogelijkheden,possibilities
Helen,Heal
gebaseerd,based
Nederlandse,Dutch
verschuldigd,owed
lever,liver
scheiden,divorce
sprong,plunge
daarbinnen,inside
wolf,Wolf
whisky,whiskey
lady,lady
live,live
voldoende,Enough
onderzocht,examined
universum,universe
ontzettend,horrible
gevochten,fought
Marshall,Marshall
pop,dolly
lijf,body
douche,shower
hieruit,from here
junior,junior
golf,golf
Amerikaan,American
kut,cunt
model,fashion model
geldt,applies
seizoen,season
omlaag,down
nummers,numbers
trainen,train
mijl,mile
jongeman,young man
welnee,no
broertje,baby brother
marine,navy
pakte,grabbed
wandelen,to walk
herstellen,to recover
robot,robot
ongerust,worried
vijftig,fifty
gegooid,thrown
duisternis,darkness
jochie,kid
hi,Hi
hekel,dislike
doodgaan,die
Cole,Cole
briefje,note
tweeën,two
achteren,back
getekend,signed
vlakbij,near
prettig,pleasant
teef,female dog
schoten,shot
eisen,to demand
schrijver,writer
knop,knob
sigaret,cigarette
smerige,filthy
reageren,react
vloek,curse
achterna,after
legende,legend
stonden,stood
ai,ai
banden,ties
branden,to burn
aangenomen,accepted
nul,zero
borsten,breast
Miles,Miles
hierover,here
bovenop,on top of
vampier,vampire
overeenkomst,agreement
brave,good
optreden,performance
brak,broke
gesteld,faulty
vuil,filthy
dinsdag,Tuesday
vergat,forgotten
verenigde,United
verdriet,sorrow
vijfde,fifth
Berlijn,Berlin
vieze,dirty
bezorgen,deliver
teruggaan,going back
straten,streets
lippen,lip
overleefd,surviving
gelukkige,happy
breek,break
constant,constantly
scherp,sharp
proost,cheers
hoefde,needed
april,April
ellende,trouble
sigaretten,cigarettes
vogels,birds
overval,raid
spion,spy
tank,tank
d'r,d'r
datje,that you
benzine,petrol
Duitsers,Germans
zwijgen,silence
cheque,check
kasteel,castle
begreep,understood
verplaatsen,move
stelde,suggest
durft,dares
dossiers,files
winst,gain
mammie,mommy
gewild,wanted
lig,lying
godzijdank,thank God
kansen,chances
concentreren,to concentrate
lege,empty
vertrouwt,trust
verdacht,suspicious
goedenacht,good night
allerlei,all kinds of
Chinees,Chinese
roept,calls
weggaat,leave
kleed,dress
bevrijden,to free
merken,brands
Derek,The stretch
haven,port
plekken,spots
gelopen,walked
verwachtte,expected
fabriek,factory
ontspannen,relaxed
beweeg,move
stal,stable
maling,grinding
verdwaald,strayed
donderdag,Thursday
doorlopen,run through
advocaten,lawyers
kamers,Rooms
verzamelen,collect
daarop,thereon
duwen,Push
Boston,Boston
sport,sport
onbekende,unknown
onderhandelen,negotiate
smeris,score
opeten,eat
waarschuw,warn
weggegaan,gone away
zijne,his
museum,museum
geschenk,gift
vertrok,departure
puur,pure
eventjes,momentarily
voort,ahead
meegaan,go along
Gordon,Gordon
beroemd,famous
gemeenschap,community
gevaarlijke,dangerous
iemands,someone's
briljant,brilliant
koude,cold
snelle,fast
alcohol,alcohol
achterin,in the back
collega's,colleagues
broeders,brothers
gezellig,cosy
herinnering,reminder
koninkrijk,kingdom
bewaker,guardian
bommen,bomb
koos,koos
lunchen,having lunch
dringend,urgently
verliet,left
Florida,Florida
bravo,Bravo
lading,cargo
Lincoln,Lincoln
middernacht,midnight
handelen,to trade
terugtrekken,to withdraw
bepalen,determine
illegaal,illegal
verander,change
geweren,guns
samenwerken,to collaborate
partij,side
levende,living
botten,bone
brein,brain
leid,lead
groots,grand
grot,cave
volgend,next
zacht,soft
volkomen,completely
klasse,class
zone,zone
mannetje,male
rand,edge
bied,bidding
smeerlap,bastard
handtekening,signature
wauw,Wow
namelijk,namely
beters,better
kerstfeest,Christmas
bedreiging,threat
betekend,means
centrale,central
vet,Fat
gedwongen,forced
meld,report
ogenblik,moment
Maggie,Maggia
plotseling,suddenly
s avonds,in the evening
zijde,silk
lied,song
gooide,threw
stoor,interference
besloot,decided
nieuwsgierig,curious
dapper,brave
fantastische,fantastic
kalmeer,calm down
kanten,lace
allang,a long time already
leveren,to deliver
gsm,mobile
magische,magical
ontslaan,fire
lafaard,coward
Sophie,Sophie
hek,fence
hout,wood
truc,trick
bereik,reach
negatief,negative
huiswerk,Homework
machines,machines
opruimen,tidy
klonk,sounded
Hollywood,Hollywood
schande,shame
gezorgd,arranged
bewust,consciously
daaraan,there
plassen,to pee
toren,tower
pakje,package
storen,to disturb
merk,Brand
koopt,buys
as,ash
verdwijn,disappear
expert,expert
Parker,Parker
partners,partners
lokale,local
spannend,exciting
hebbes,Got you
angel,angel
verdiende,deserved
beantwoorden,reply
metro,subway
besef,realize
mankeert,mank
opname,intake
goeds,good
aanklacht,indictment
suiker,sugar
openbaar,public
crimineel,criminal
uitzien,look
soep,soup
gericht,targeted
kruis,crotch
effect,effect
helder,bright
identiteit,identity
bedenk,recall
aanwezigheid,presence
scherm,screen
winter,winter
dokters,doctors
droog,dry
sprake,talk
Chinese,Chinese
mail,mail
veroordeeld,convicted
Caesar,Caesar
ingang,Entrance
middag,afternoon
hartstikke,terribly
Connor,Connor
smaakt,tastes
danken,thank
kaartjes,tickets
kiest,chooses
wetten,law
velen,many
verklaart,explains
televisie,television
rijd,drive
Cooper,Shard
romantisch,romantic
ramen,Windows
verraad,treason
zegen,blessing
vies,dirty
munitie,ammunition
hete,hot
voer,feed
klagen,complain
vriendinnen,girlfriends
wijst,wage
bibliotheek,library
ondertussen,meanwhile
bevestigd,confirmed
verdwijnt,disappears
draak,dragon
gevoeld,felt
snelweg,motorway
ingewikkeld,complicated
bedrijven,businesses
gedurende,during
hut,hut
nicht,niece
plat,flat
hielden,kept
verwijderen,remove
vliegtuigen,airplanes
speelgoed,toys
ofwel,either
negeren,ignore
uitzicht,view
jeetje,Oh dear
beloven,promise
gecontroleerd,controlled
demon,demon
gedraag,behave
gooit,throws
wegen,weigh
graaf,count
roze,pink
realiteit,reality
check,check
Lets,Litry
gewicht,weight
attentie,attention
warme,warm
pest,plague
beloning,reward
eenheden,units
opleiding,education
snij,cut
Gibbs,Gibbs
volgde,follow the
busje,van
watje,wimp
vergist,mistaken
middelbare,middle
moeilijker,more difficult
opgegeven,gave up
ontdekte,discover
schouder,shoulder
ras,breed
zekerheid,security
resultaat,result
geschikt,fit
psychiater,psychiatrist
ontspan,relax
zekere,certain
instructies,instructions
scène,scene
dagboek,diary
daarboven,up there
gevoelig,sensitive
overkant,other side
interessante,interesting
beesten,animals
organisatie,organization
bekende,known person
penis,penis
student,student
tovenaar,wizard
commando,command
fort,fort
tranen,tears
gelegd,laid
verstandig,wise
verdachten,suspect
mijzelf,myself
lacht,laugh
voorgoed,forever
uitgeschakeld,turned off
blazen,blow
verpesten,screw it up
beet,bite
geraken,get
meekomen,come along
hartaanval,heart attack
schoft,bastard
politieke,political
repareren,to repair
bierdopje,beer cap
veroorzaken,cause
zusje,sister
Linda,Linda
at,ate
herkennen,recognise
koekjes,cookies
schakel,link
personen,persons
staart,tail
optie,option
beschermd,protected
schutter,shooter
lelijke,ugly
oost,eastern
gok,gamble
heleboel,a lot
geopend,open
admiraal,admiral
stress,stress
teams,teams
eeuwen,centuries
resultaten,Results
vaste,fixed
geboorte,birth
bevestigen,to confirm
drukken,to press
Britse,British
feesten,celebrate
gevolgen,effects
vers,fresh
Duitsland,Germany
beloofde,promised
degenen,the ones
helden,heroes
little,little
uitziet,looks
sneeuw,snow
jungle,jungle
geruchten,rumor
proef,trial
baby's,babies
middel,resourse
Vietnam,Vietnam
gezichten,faces
Angela,Angela
kopie,copy
releases,releases
slagen,to succeed
flikker,flicker
aanslag,scale
jedi,Jedi
steunen,supports
momenten,moments
klere,crek
flauw,lame
won,won
schild,shield
pijnlijk,painful
chocolade,chocolate
football,football
namens,On behalf of
waarbij,whereby
scheiding,parting
gras,grass
trappen,kick
steven,steven
bijbel,Bible
uitgaan,going out
verbranden,to burn
houding,attitude
verontschuldigen,to apologize
legt,lays
hoorden,heard
speler,player
uitgang,Exit
verstaan,to hear
chip,chip
schudden,shake
vlag,flag
steekt,sticks
bewusteloos,unconscious
NS,Dutch Railways
bewezen,proven
communicatie,communication
tape,tape
commissaris,Commissioner
gereden,driven
voorzitter,chair
soorten,types
technisch,technical
families,families
gedroomd,dreamed
pech,bad luck
dubbel,double
sindsdien,since
telefoontjes,phone calls
afschuwelijk,awful
uitweg,out
therapie,therapy
simpele,simple
rommel,rumbling
chief,chief
fiets,bicycle
kennelijk,apparently
beschikbaar,available
wanhopig,in despair
jarig,birthday
bescherm,protected
chaos,chaos
raket,rocket ship
ei,egg
gewoonlijk,usually
uitschakelen,Switch off
erdoor,through
hof,court
hm,hm
echter,however
onbekend,unknown
opgegroeid,grown up
vat,barrel
verbaasd,suprised
wei,whey
nood,need
humor,Humour
zuurstof,oxygen
vleugels,wings
San Francisco,San Francisco
slechter,worse
vertrouwde,trusted
betaalde,paid
dwaas,foolish
positief,positive
beroemde,famous
joden,Jew
rotzak,bang
aanpakken,tackle
maal,meal
boy,boy
mm,mm
schedel,skull
dochters,daughters
verspreiden,to spread
weglopen,walk away
vriendjes,friends
bezwaar,objection
kranten,newspapers
aangeraakt,touched
proeven,taste
dwingen,force
Potter,Potter
geleid,led
fantasie,fantasy
verkracht,rap
overvallen,raids
zing,sing
overgeven,throwing up
Charlotte,Charlotte
schema,scheme
boeten,bow
dodelijk,deadly
Davis,Davis
stabiel,stable
afhandelen,handle
Engelse,English
schilderij,painting
podium,stage
loslaten,letting go
krankzinnig,insane
onderdeel,element
bewaar,keep
excuseren,excuse
morgenavond,tomorrow evening
medicijn,medicine
mamma,mamma
oudere,older
moeilijkheden,difficulties
praatte,talks
ratten,rats
interview,interview
boodschappen,groceries
noodgeval,emergency
rekeningen,accounts
Japan,Japan
telkens,every time
schop,shovel
fase,phase
café,Cafe
gerechtigheid,justice
onlangs,recently
serie,series
hufter,bastard
gewonden,wounded
vermogen,power
vrachtwagen,truck
vocht,moisture
seksuele,sexual
uitdaging,challenge 
joch,kid
bid,prayer
zieke,sick
Amerikaans,American
reageert,responds
Palmer,Palmer
wiet,weed
theater,theater
hoofdpijn,headache
kanaal,channel
versta,understand
status,status
netwerk,network
vanzelf,of course
oorzaak,cause
verlegen,shy
doctor,doctor
wond,wound
acteur,actor
hartslag,heartbeat
gedraagt,behave
grenzen,border
opdagen,show up
tekst,text
tevoorschijn,appear
uitnodiging,invitation
zowel,both
out of the blue,out of the blue
bezet,occupied
letterlijk,literal
promotie,promotion
Donna,Donna
huidige,current
ketting,chain
anti,anti
mooier,more beautiful
avontuur,adventure
verbaast,surprised
filmen,to film
moedig,brave
pols,wrist
leuker,nicer
geplaatst,placed
heten,to be named
vak,field
tempel,Temple
besteld,ordered
redde,rescue
meegebracht,brought along
Dennis,Dennis
overste,superior
doorbrengen,Spending time
rende,ran
spoedig,rapidly
stemming,mood
grootvader,grandfather
bodem,soil
miste,missing
ambassadeur,ambassador
Ethan,Ethan
betwijfel,doubt
titel,title
Rusland,Russia
verschrikkelijke,terrible
motel,motel
schaam,shame
vóór,in front of
probeerden,tried
medisch,medical
overheen,across
schilden,shield
beschermt,protected
versterking,strengthening
ridder,knight
experiment,experiment
vloot,fleet
veroorloven,to afford
versie,version
bewaking,monitoring
bijzonders,special
levert,supplies
grijpen,grab
lagen,lay
Logan,Logan
achterkant,rear end
das,tie
tip,tip
bijten,to bite
afsluiten,shut down
gekwetst,hurt
trekker,tractor
Aaron,Aaron
daad,deed
justitie,justice
go,go
gekost,cost
september,September
blaas,bladder
stak,stuck
triest,sad
beslissingen,decisions
miljard,billion
gestoken,stung
bijzondere,special
koorts,a fever
geneukt,fucked
vooruitgang,progress
bot,bone
teruggekomen,came back
oefening,excercise
Irak,Iraq
zoenen,kiss
zwakke,weak
make-up,makeup
dorst,thirst
gemak,ease
tijdelijk,temporary
Ellie,Ellie
behoefte,need
media,media
casino,casino
correct,correct
zenuwachtig,nervous
spanning,tension
strak,tight
aantrekkelijk,appealing
rijbewijs,drivers license
leerling,pupil
steden,towns
ministerie,ministry
meende,believed
cowboy,cowboy
opgegeten,eaten
aanwijzingen,Clues
kloten,loser
vice-,vice
laden,load
jee,jee
waarderen,appreciate
minste,least
Collins,Collins
klinken,sound
stukjes,pieces
maaltijd,meal
relaties,relationships
omdraaien,turn around
gelegenheid,occasion
beschadigd,damaged
dollars,dollars
uitmaken,to finish
eigendom,property
sociale,social
aanwijzing,instructions
rechtstreeks,directly
verdrietig,sad
daden,deeds
ontworpen,designed
zender,transmitter
beantwoord,answered
bagage,luggage
overleeft,surviving
schone,prawn
hierbij,hereby
emoties,emotions
weghalen,remove
verkeer,traffic
rit,ride
paspoort,passport
verzekering,insurance
vandaar,there
jongetje,boy
waanzin,madness
bestellen,to order
mobiel,mobile
vrouwelijke,female
doof,deaf
werkelijkheid,reality
zusters,sisters
ruilen,exchange
kopje,Cup
Todd,Todd
Olivia,Olivia
inclusief,including
gif,poison
verzinnen,invent
satelliet,satellite
betekenis,meaning
motoren,engines
aard,earth
paleis,palace
hoeren,whore
wachtte,waiting
bewijst,proves
vullen,to fill
slimmer,smarter
ondergoed,underwear
uitvoeren,to carry out
overnemen,taking over
uitkomen,Hatch
Jessica,Jessica
hoofdkwartier,headquarters
goedemiddag,good afternoon
computers,computers
getraind,trained
rollen,roll
leidde,led
longen,lung
shuttle,shuttle
duiken,to dive
it,IT
scan,scan
tenslotte,and last but not least
dure,expensive
middelen,resources
oh my god,Oh my God
raketten,missiles
bewustzijn,Awareness
Hitler,Hitler
stok,stick
betrapt,got caught
Walker,Walker
brandt,burns
datum,date
wijf,female
zielen,soul
kreng,bitch
ogenblikje,just a moment
morgenvroeg,tomorrow early
federale,federal
opgeblazen,blown up
halt,halt
gele,yellow
woensdag,Wednesday
mobiele,mobile
eerlijke,fair
ingehuurd,hired
mulder,mulder
geladen,charged
biedt,offers
bijt,bite
koe,cow
etentje,dinner
bijeenkomst,meeting
katten,cats
vrijen,making out
kwart,quarter
coma,coma
concentreer,concentrate
snappen,understanding
link,link
aanklager,prosecutor
braaf,Well behaved
veiliger,safer
beheersen,control
buitenlandse,foreign
plant,plant
vloog,flew
Miami,Miami
Sydney,Sydney
slaaf,slave
nl.,NL.
slaven,slave
zeep,soap
bloeden,bleed
spelers,players
arresteer,arrest
sector,sector
coördinaten,coordinates
overeen,correspondence
zout,salt
ofzo,or so
kleiner,smaller
traditie,tradition
konijn,rabbit
symbool,symbol
ondervragen,question
creëren,to create
afgewezen,turned down
politieagent,policeman
borg,deposit
zorgde,took care
documenten,documents
voorzien,to provide
Grant,Grant
vervolgens,thereafter
kliniek,clinic
vergeleken,compared
vredesnaam,peace
oppakken,picking up
vroegen,asked
defensie,defence
info,info
cadeautje,gift
kwade,evil
eeuwige,eternal
flinke,good
staren,stare
combinatie,combination
opblazen,to blow up
zoektocht,quest
gedumpt,dumped
s morgens,in the morning
terugkeren,return
discussie,discussion
heuvel,hill
avenue,avenue
nut,usefulness
lust,lust
patroon,cartridge
bestemming,destination
dient,must
verzonnen,fictional
wegging,was removed
Kirk,Kirk
turner,gymnast
gespannen,stretched
besefte,realized
bloeddruk,blood pressure
bevindt,in
nachten,night
stervende,dying
beleefd,polite
neuk,fuck
hol,hollow
oordeel,judgement
ontploffen,explode
eerwaarde,honor
knie,knee
Nina,Nina
buitenaardse,alien
lieveling,Darling
demonen,demons
studio,studio
lawaai,noise
gehele,whole
verplaatst,moved
waag,waard
college,college
pagina,page
passie,passion
mietje,sissy
Oliver,Oliver
verspillen,waste
lessen,classes
zonden,sin
techniek,Technic
relax,relaxed
cirkel,circle
gebeten,bitten
natuurlijke,natural
veronderstel,assumption
applaus,applause
schoonmaken,to clean
kooi,cage
doodsbang,terrified
India,India
riskeren,risk
brandstof,fuel
veertig,forty
voeden,to feed
betekende,meant
grazen,graze
haatte,hate
gewapend,armed
pure,pure
verrot,rotten
planten,plants
droomde,dream
eikels,acorns
vrijgelaten,released
bloem,flower
wreed,cruel
groeit,grows
wall,Wall
gebeurtenissen,events
beslag,seizure
voortaan,from now on
gemerkt,marked
achtergrond,background
keuzes,choices
oproep,call
Willie,Willie
goedendag,good day
bemoei,excuse
wetenschapper,scientist
kok,cook
pikken,peck
toestel,aircraft
afval,waste
Santa,Santa
criminelen,criminals
daag,bye
naaien,sew
verpleegster,nurse
rots,rock
terugbrengen,return
crisis,crisis
uzelf,yourself
genaaid,sewn
Veronica,Veronica
herkent,recognize
jonger,younger
um,um
realiseerde,realized
journalist,journalist
risico's,risks
voertuig,vehicle
overlevenden,survivors
karakter,character
besmet,contaminated
Diego,Diego
loon,salary
trouwt,gets married
machtige,mighty
volhouden,to persevere
online,online
long,lung
identificeren,identify
oudste,eldest
Ned,Ned
pan,pan
augustus,August
starfleet,starfleet
centimeter,centimeter
explosieven,explosives
greep,grip
staf,staff
duistere,dark
toppers,toppers
gokken,gamble
gekleed,dressed
Mason,Mason
county,County
monica,Monica
studie,study
bevrijd,liberated
wii,Wii
neger,negro
zenuwen,nerve
gereedschap,tools
pissen,piss
juni,June
in no time,in no time
mei,May
wonden,wound
doodgeschoten,shot
commentaar,commentary
periode,period of time
inpakken,packing up
temperatuur,temperature
verplicht,obliged
uitslag,result
frisse,fresh
langskomen,come
plastic,plastic
verspreid,Scattered
goedkoop,cheap
tweeling,twin
sectie,section
procedure,procedure
duw,push
actief,active
boze,venomous
jasje,jacket
ongelukkig,unhappy
koelkast,refridgerator
infectie,infection
behouden,preserve
profiel,profile
schulden,debt
aandelen,shares
riep,called out
riem,Belt
echo,echo
huil,cry
schreeuw,shout
logboek,log
laarzen,boots
glazen,glass
schamen,embarrass
tof,cool
favoriet,favorite
apart,separate
gijzelaars,hostage
gefaald,failed
Victoria,Victoria
emotioneel,emotional
kwijtgeraakt,lost
motief,motive
militair,military
Curtis,Curtis
voorbereiden,to prepare
schuur,barn
portemonnee,wallet
wiskunde,math
snoep,sweets
stevig,firm
privacy,privacy
service,service
accepteer,accept
populair,popular
koninklijke,royal
kindje,baby
benieuwd,curious
verzeker,insure
senaat,Senate
Sid,Sid
winkelen,shop
voorgesteld,suggested
Manhattan,Manhattan
internationale,International
juli,July
ervaren,experienced
weigeren,to refuse
rob,Rob
hoofdstuk,chapter
toegestaan,Allowed
toestaan,allow
naderen,approach
openbare,public
steelt,steal
heerlijke,lovely
doorgeven,pass along
incident,incident
douchen,shower
all-in-one,all-in-one
bedreigd,threatened
reeds,already
Duke,Duke
geleefd,lived
kleintje,Shorty
noemden,called
oktober,October
geslaagd,passed
Führer,Führer
heroïne,heroin
verloofd,engaged
opzet,set -up
misdaden,crimes
delta,delta
star,rigid
vervloekt,accursed
achteraan,at the back
verbergt,hidden
gestoorde,disturbed
passagiers,passengers
heelal,universe
bloedt,bleeding
gestraft,punished
Virginia,Virginia
versieren,decorate
verwoest,destroyed
zowat,just about
gesprekken,conversations
schei,crack
porno,porn
bevat,contains
daarnet,just like that
pijp,pipe
begaan,to commit
verbind,connect
uiterlijk,appearance
ontvoering,abduction
aangeven,to indicate
schoen,shoe
verstop,hidden
Island,Island
klimmen,to climb
contant,in cash
varen,sail
set,set
opgehangen,hung up
bedrag,amount
knuffel,Hug
aangeboden,offered
verknald,upset
kostte,cost
jager,Hunter
glimlach,smile
love,love
sukkels,losers
blank,White
McGee,McGee
overeind,upright
Russell,Russell
beurs,stock market
onzichtbaar,invisible
kandidaat,candidate
beroofd,robust
uitgevoerd,executed
ton,tons
voetbal,football
dekken,cover
diepe,deep
dominee,pastor
leeuw,lion
dieper,deeper
Jill,Jill
fortuin,fortune
inzetten,Bet
zweet,sweat
Gina,Gina
gewoonte,habit
gebouwen,buildings
Frodo,Frodo
gebrek,lack
bekennen,confess
durven,to dare
Justin,Justin
opzetten,Setting up
zonen,sons
toont,shows
huren,hire
gevuld,stuffed up
schoppen,kick
geniaal,genial
officiële,official
indien,in the event that
Japanse,Japanese
Harvard,Harvard
erbuiten,out
mekaar,eachother
blok,block
tja,well
stierven,died
pijpen,blowjob
brigadier,brigadier
kwartier,quarter
interne,internal
wennen,get used to
inzet,effort
mariniers,Marines
plekje,spot
meesten,most
beseft,realize
vielen,fell
waaraan,to which
verward,confused
kleuren,colors
mysterie,mystery
federatie,federation
campagne,campaign
verlangen,desire
knal,pop
aankomt,arrives
behandelt,treats
systemen,systems
ernstige,severe
circus,circus
voordeur,front door
rechtszaak,lawsuit
maffia,mafia
recept,recipe
grapjes,jokes
boeren,farmers
Travis,Traveler
lente,spring
toekomstige,future
verblijf,residence
moderne,modern
piano,piano
terrorist,terrorist
nuttig,useful
zaal,room
vette,greasy
afgemaakt,finished
opgevoed,raised
overstuur,upset
beweert,claims
bevriend,friendly
belangrijks,important
geactiveerd,activated
draaide,rotated
verklaar,explain
ezel,donkey
tandarts,dentist
chirurg,surgeon
ontkennen,to deny
fruit,fruit
allemachtig,good Lord
speech,speech
misverstand,misunderstanding
vermijden,to avoid
paradijs,paradise
Spaans,Spanish
bewaard,preserved
behoort,belongs
Sheldon,Sheldon
exact,exactly
afdrukken,print
getrokken,drawn
slechtste,worst
zingt,sings
lijdt,suffer
megan,Megan
uitgeput,exhausted
Burke,Burke
engelen,angel
drama,drama
mochten,allowed
Canada,Canada
beledigd,insulted
lage,low
dozen,Boxes
uniek,unique
bruin,brown
dronk,drank
vermiste,missing
tegenstander,opponent
bronnen,sources
wegkomen,getting away
beschuldigd,accused
kroon,Crown
Lana,Lana
Ronnie,Ronnie
veranderingen,changes
ruimen,strike
commissie,Commission
Miami Beach,Miami Beach
fans,fans
leerlingen,pupils
straal,Ray
bleven,continued
cellen,cell
goeiemorgen,Good morning
bukken,stoop
machtig,powerful
ontploft,explodes
minuutje,minute
kostuum,costume
borrel,a drink
misselijk,nauseous
weleens,sometimes
klop,pat
concert,concert
ritje,ride
artsen,doctors
juwelen,jewellery
bliksem,lightning
verhuisd,moved
Spanje,Spain
ambassade,embassy
script,script
luisterde,listened
levenslang,lifetime
opening,opening
regent,is raining
symptomen,symptoms
hitte,heat
opent,opens
gemene,unemployed
handig,useful
lamp,lamp
s ochtends,in the morning
officieren,officers
boer,farmer
reclame,commercial break
ooh,ooh
opwindend,exciting
bedrogen,cheated
straling,radiation
hup,huck
alpha,Alpha
indianen,native Americans
geluisterd,listened
dadelijk,immediately
kern,core
spijtig,regrettably
krachtig,powerful
gerucht,rumor
financiële,financial
langzamer,slower
uitkomt,comes out
wenst,wish
arrestatie,arrest
robots,robots
enge,scary
Tess,Tess
bevallen,to give birth
operaties,operations
kwetsen,hurt
diefstal,theft
dieven,thieves
ontwikkeld,developed
goedkope,cheap
klaarmaken,prepare
smeken,to beg
paus,Pope
straffen,to punish
schut,fantastic
voorwaarden,requirements
asjeblieft,please
bestond,existed
brachten,brought
nadert,approaches
glorie,glory
overdag,during the day
telefoonnummer,phone number
doorgaat,continues
omgekomen,died
bestuur,management
auditie,audition
lager,lower
gekken,fool
bood,bidding
begrip,concept
generatie,generation
wetenschappers,scientists
ademt,breathe
eenzame,lonely
beu,sick of
Stephen,Stephen
trouwde,married
opties,option
hogere,higher
hing,hung
hakken,Heels
tekort,shortage
doorzoeken,search
handschoenen,gloves
draad,wire
bingo,bingo
air,air
diensten,services
helm,helmet
eed,oath
timing,timing
instappen,to get in
korporaal,corporal
pappie,daddy
complete,complete
bijeen,together
uitgevonden,invented
district,district
leiders,leaders
speciaals,specialty
lokken,to lure
congres,Congress
blinde,blind
uitstappen,to get off
compagnie,company
overleed,passed
totale,total
stoute,naughty
baard,beard
Thanksgiving,Thanksgiving
standaard,standard
Halloween,Halloween
kou,cold
haren,hair
schakelen,to change gear
nachtmerries,nightmares
jongedame,young lady
gezegend,blessed
Fransen,French
mazzel,luck
legaal,legal
falen,to fail
dog,dog
Bourne,Bourne
coke,coke
serieuze,serious
transport,transport
tenen,toes
Houston,Houston
salaris,salary
per se,necessarily
offer,quotation
knopen,knot
Gloria,Gloria
respecteren,to respect
kwetsbaar,vulnerable
nucleaire,nuclear
freak,freak
slaag,cad
bevroren,frozen
herkende,recognized
innemen,to take
veertien,fourteen
zochten,sought
bedank,thank
achtervolgen,Chase
vergunning,permit
gij,you
menigte,crowd
herhalen,to repeat
Italië,Italy
stille,quiet
Brooklyn,Brooklyn
plaat,plate
regelt,arranges
autoriteiten,authorities
intelligent,intelligent
jood,Jew
gebeden,pray
apen,apes
weigert,refuses
beroven,to rob
blanken,whites
modder,mud
gewapende,armed
goedmaken,make up
vampiers,vampires
schuilplaats,hideout
bewaken,to guard
verbazingwekkend,astonishing
verf,paint
Jamal,Jamal
tijger,Tiger
mode,fashion
volwassenen,adults
overdreven,overdone
Shane,Shane
woning,home
agenda,agenda
opsluiten,lock up
drankjes,drinks
doorstaan,to endure
telefoons,Phones
kick,kick
Meredith,Meredith
lesje,lesson
diamant,diamond
stapt,steps
maatschappij,society
pet,cap
gids,guide
ticket,ticket
delict,crime
schouders,shoulders
revolutie,revolution
verslaafd,addicted
cultuur,culture
besproken,discussed
gene,gene
revolver,revolver
prijzen,Prices
geland,landed
staal,steel
sms,text message
broodje,sandwich
Trevor,Trevor
afspreken,to agree
metaal,metal
teruggeven,return
gesneden,cut
Shrek,Shrek
getroffen,affected
undercover,undercover
bossen,forest
haak,hook
griet,brill
Moskou,Moscow
krijt,chalk
algemeen,generally
Spock,Spock
actrice,actress
Jess,Jess
redding,rescue
legde,laid
zinloos,meaningless
dertien,thirteen
cocaïne,cocaine
plots,suddenly
gevolg,consequence
troon,throne
non,non
klappen,clap
zeuren,to moan
smeer,lash
voert,feeds
haai,shark
bouw,build
dodelijke,deadly
hoofden,heads
tuig,rig
analyse,analysis
uitmaakt,Makes
treffen,find
opereren,to operate
zooi,stuff
accent,accent
kruipen,crawl
onderdelen,components
clown,clown
marinier,marine
weggelopen,walked away
depressief,depressed
rebellen,rebel
dumpen,to dump
handboeien,handcuff
kabel,cable
happy,happy
buurman,neighbour
achterlijk,retarded
beëindigen,to end
tempo,pace
road,road
onbeleefd,impolite
kameraad,comrade
vrouwtje,female
adviseur,counselor
bruine,brown
informant,informant
bevolking,population
beschaving,civilization
rechterhand,right hand
roman,novel
stort,dump
drieën,three
gedicht,poem
opletten,pay attention
werkten,worked
wodka,vodka
grappen,joke
zonsopgang,sunrise
beschouw,conscious
ziekenboeg,infirmary
werelden,worlds
stoer,cool
november,November
aankan,can
getest,tested
vanwaar,from what
toespraak,speech
harten,heart
tijdstip,time of day
kofferbak,trunk
bewaakt,guarded
kap,hood
aanvaard,accepted
weduwe,widow
koeien,cows
nagels,nails
zielige,pathetic
uitzending,broadcast
opsporen,track down
Rebecca,Rebecca
wijsheid,wisdom
voorstelling,presentation
neukt,fuck
hoeveelheid,quantity
Phoebe,Phoebe
dankje,thank you
vallei,valley
zussen,sisters
onthou,remove
testament,testament
codes,codes
strategie,strategy
heden,today
opstand,revolt
poten,legs
puinhoop,mess
verschijnen,to appear
zesde,sixth
afzetten,to take off
parkeerplaats,parking spot
wisselen,to switch
vreugde,joy
poesje,pussy
bestand,file
verhouding,ratio
originele,original
foute,wrong
Times,Times
hetgeen,which
massa,mass
figuur,figure
natie,nation
verrassen,to surprise
plank,shelf
verbroken,broken
typisch,typical
streng,strict
scholen,schools
liefst,sweetest
respecteer,respect
Blair,Blair
activiteiten,activities
gestudeerd,studied
noodzakelijk,necessary
keken,looked
belasting,tax
weddenschap,bet
krijger,warrior
alhoewel,although
mislukt,failed
apparatuur,equipment
boeien,fascinate
vermoeden,suspect
voorraad,stock
Gabriël,Gabriel
geil,horny
zestien,sixteen
product,product
nest,nest
wagens,cars
functie,function
ontstaan,to arise
Seattle,Seattle
heilig,holy
handdoek,towel
muis,mouse
succesvol,successful
idiote,idiotic
elektrische,electric
opgezet,set
diploma,diploma
springt,jumps
cd,CD
aantrekken,to attract
gehoopt,hoped
eis,requirement
banken,banks
bemoeien,interfere in
hierna,after this
examen,exam
strafblad,criminal record
zelden,rarely
balans,balance
verbeteren,improve
sparen,save
hersteld,recovered
geel,yellow
zwarten,blacks
extreem,extreme
bishop,bishop
republiek,republic
blonde,blonde
Janet,Janet
nutteloos,useless
Malcolm,Malcolm
professionele,professional
verzin,might
Miguel,Miguel
schok,shock
Craig,Craig
schrik,fright
alvast,already
boem,boom
spieren,muscles
record,record
loser,loser
drijven,to conduct
verberg,hidden
opgevallen,noticed
nakijken,check
emotionele,emotional
prioriteit,priority
onderschat,underestimated
rondje,round
ego,ego
beker,cup
professioneel,professional
winkelcentrum,mall
verzekeren,to ensure
beleid,policy
genoten,enjoyed
vee,cattle
vergif,poison
gastheer,host
wachtwoord,password
stam,tribe
ongeval,accident
leve,Long live
achternaam,last name
voorafging,preceded
vrijwillig,voluntarily
duim,thumb
Elliot,Elliot
stiekem,secretly
instinct,instinct
vereerd,honored
vergelijken,to compare
verdere,further
weetje,do you know
cola,coke
bod,bidding
put,well
ademhalen,breathe
vaardigheden,skills
ontvangt,receives
zeldzaam,rare
database,database
bitch,Bitch
ceremonie,ceremony
alibi,alibi
grootmoeder,grandmother
zakenman,businessman
stadje,town
charmant,charming
boekje,booklet
misdrijf,crime
spider,spider
checken,check
leed,sorrow
Marc,Marc
golven,waves
belooft,promises
Afghanistan,Afghanistan
ontsnapte,escaped
sokken,sock
vreemden,strangers
fascinerend,fascinating
vermoed,suspicion
verklaard,explained
afhankelijk,dependent
wonderen,miracles
grof,rough
cash,cash
finale,final
gebakken,fried
schaal,Scale
koppen,head
lek,leak
technische,technical
Fiona,Fiona
schijn,appearance
teleur,disappoint
Jules,Jules
troost,consolation
earl grey,Earl Gray
gestaan,stood
vest,vest
tegelijkertijd,at the same time
treden,step
zonsondergang,sunset
afnemen,take
trip,trip
zogenaamde,so-called
radar,radar
bewijsmateriaal,evidence
oppassen,to watch out
wijk,neighbourhood
vreemds,strange
afleiding,diversion
ontwikkelen,develop
rondlopen,walk around
illegale,illegal
arrest,judgment
gevechten,battles
moeras,marsh
paranoïde,paranoid
uitkijken,looking out
communiceren,to communicate
rent,run
ingebroken,broke into
ge,geom
zachtjes,gently
secretaresse,secretary
stoere,tough
Sun,Sun
gelegen,convenient
ham,ham
dagelijks,daily
inwoners,inhabitants
dekmantel,mantle
Dallas,Dallas
rozen,roses
boten,Boats
misbruik,abuse
deken,blanket
aanpassen,To adjust
sowieso,anyway
au,au
blad,sheet
scheppen,scoop
bekijkt,view
zuigen,suck
vergiftigd,poisoned
bezoekers,visitors
bezocht,visited
economie,economy
dappere,brave
linker,left
ontwerp,design
lijnen,lines
saus,sauce
uurtje,hour
special,special
praktisch,practically
gigantische,gigantic
Jen,Jen
luchtmacht,air force
uitleg,explanation
kalmeren,to calm down
academie,academy
bestanden,files
spuit,spray
united,United
wade,wade
euro,euro
mysterieuze,mysterious
tumor,tumor
huilt,cries
huwelijksreis,honeymoon
vastgebonden,tied
verlof,leave of absence
gevlogen,flown
wolven,wolves
enthousiast,enthusiastic
shock,shock
hopeloos,hopeless
Italiaans,Italian
insecten,insect
Pentagon,Pentagon
monsieur,monsieur
gegroet,goodbye
spraken,spoke
schreeuwde,screaming
vang,catch
Egypte,Egypt
duister,fiddling
proficiat,Congrats
mobieltje,cell phone
gore,gorge
waardeloze,hellless
gitaar,guitar
stapel,pile
verse,fresh
bedriegen,to cheat
aanraakt,touches
ontbreekt,is missing
jagers,hunters
varkens,pork
traceren,trace
gezonde,healthy
beledigen,to offend
schietpartij,shooting
naald,needle
protocol,protocol
leuks,fun
tanks,tanks
liter,liter
organen,organs
lichte,light
vernietig,destructive
smeren,lubricate
doelen,goals
warmte,heat
behandel,treatment
voorwaarts,forward
evacueren,evacuate
geleend,borrowed
mille,mille
moois,beautiful
munt,coin
mannelijke,male
gemeld,reported
kritiek,criticism
uitgekozen,picked out
geloofd,believed
olifant,elephant
handje,hand
Kansas,Kansas
terugbellen,call back
makkie,makkie
liedjes,songs
oproepen,to call to action
diverse,several
acties,actions
dwerg,dwarf
regelmatig,on a regular basis
plaatselijke,local
geroepen,convened
stoot,bump
verdragen,endure
nare,nasty
elektriciteit,electricity
ruimteschip,spaceship
sloot,ditch
hierop,here
verwondingen,injuries
verre,far -reaching
honkbal,baseball
vreemdeling,stranger
afgenomen,decreased
Natalie,Natalie
verwerken,process
inbraak,burglary
bonen,bean
scoren,to score
litteken,scar
schurk,rogue
werking,operation
Scofield,Scofield
slangen,snakes
kwaliteit,quality
beseffen,to realize
hot,hot
huisje,house
yep,yep
bekentenis,confession
gezag,authority
overwegen,consider
madame,madame
bepaalt,determines
platen,plates
rotsen,rock
geobsedeerd,obsessed
cake,Cake
toast,toast
werknemers,employees
uitzondering,exception
executie,execution
realiseer,realize
frequentie,frequency
probleempje,problem
danst,dance
spook,ghost
ertoe,or
reserve,reserve
blond,blond
ongelijk,unequal
maten,sizes
chemische,chemical
voortdurend,continual
vliegende,flying
kalkoen,Turkey
remmen,brakes
doodgaat,dies
website,website
pil,pill
loyaliteit,loyalty
letters,letters
nikker,nigger
hemd,shirt
stoelen,chair
racen,to race
doorgebracht,spent
luxe,luxury
chips,potato chips
dvd,DVD
bestuderen,study
Italiaanse,Italian
hieraan,here
rugzak,backpack
ontvang,receive
koffers,suitcase
tiener,teenager
hoever,how far
luchthaven,airport
riskant,risky
gewoond,lived
mw.,Mrs.
Duits,German
hiernaast,right
Robinson,Robinson
Artie,Artion
achterdeur,back door
geschorst,suspended
Gates,Gates
boter,butter
stank,smell
baantje,job
tragedie,tragedy
omheen,around
vernietiging,destruction
koper,buyer
kenden,know
invasie,invasion
eend,a D
vermaak,entertainment
elkaars,each other's
maart,March
zuiver,clear
gewelddadig,violent
egoïstisch,selfish
contacten,contacts
gezworen,sworn
herrie,noise
wolken,clouds
vrijgezel,Single
ongetwijfeld,doubtless
overtreding,offence
sterkste,strongest
creditcard,credit card
verzekerd,assured
tand,tooth
Debbie,Debbie
bakken,baking
zegene,bless
nieuwste,newest
verkrachting,rape
stoned,stoned
uiterste,extreme
roos,rose
gangster,gangster
bijen,bee
huilde,crying
compliment,compliment
jaagt,hunts
twijfelen,doubt
serveerster,waitress
teleurstellen,disappoint
verzamel,collect
tapijt,carpet
blut,bright
verkloot,loser
vermoorde,murdered
borden,plates
tegemoet,facilitate
nader,further
ongewoon,unusual
batterij,battery
liepen,walked
Batman,Batman
voorkant,front side
storing,malfunction
boksen,box
klem,clamp
aflevering,episode
gezeik,bullshit
detail,detail
haaien,shark
verzorgen,take care of
nichtje,cousin
vereist,requires
overhoop,upside down
raadsel,puzzle
zweren,to swear
weigerde,refused
agressief,aggressive
ram,Ram
a.u.b.,A.U.B.
artiest,artist
grootte,size
vrezen,fear
kwijtraken,lose
eeuwigheid,eternity
aas,bait
lerares,female teacher
allergisch,allergic
beveel,command
complex,complex
overhalen,to convince
kappen,cut
schijnen,to shine
activiteit,activity
honing,honey
weerstaan,to resist
grijze,gray
ongedeerd,unharmed
bol,sphere
opgehaald,picked up
klim,climb
gebeurtenis,event
stout,naughty
diagnose,diagnosis
beschoten,shot
kudde,herd
edgar,Edgar
uitstekende,excellent
afwachten,wait
bezittingen,possessions
politieman,police officer
warren,boot
uitrusting,equipment
affaire,affair
luid,loud
banen,job
aangetrokken,attracted
knoop,button
lachte,laughs
besturen,manage
vernield,destroyed
fris,fresh
basketbal,basketball
kraken,crack
afgeleid,distracted
beschrijven,to describe
bezeten,possessed
klooster,monastery
geïdentificeerd,identified
chinezen,Chinese
terugkeer,return
suite,suite
hamer,hammer
out,out
time,time
